kS,TotWithinSS
1,69986.00000000304
2,61771.48840696389
3,56406.69896514238
4,53970.45403245627
5,51117.66914834741
6,49548.6931003553
7,47617.60579684419
8,46258.271731044806
9,44924.52966319
10,43788.495867615966
11,42907.717776595564
12,42140.24713485458
